{
    "note": "Hello! If you change this file manually, please be sure to restart your changedetection.io instance!",
    "watching": {
        "b86f1003-3ecb-4125-b090-27e15ca605b9": {
            "body": null,
            "browser_steps": [],
            "browser_steps_last_error_step": null,
            "check_unique_lines": false,
            "check_count": 1,
            "date_created": 1725049266,
            "consecutive_filter_failures": 0,
            "extract_text": [],
            "extract_title_as_title": false,
            "fetch_backend": "html_requests",
            "fetch_time": 1.285,
            "processor": "text_json_diff",
            "filter_failure_notification_send": true,
            "filter_text_added": true,
            "filter_text_replaced": true,
            "filter_text_removed": true,
            "has_ldjson_price_data": false,
            "track_ldjson_price_data": null,
            "headers": {},
            "ignore_text": [],
            "in_stock": null,
            "in_stock_only": true,
            "include_filters": [],
            "last_checked": 1725049268,
            "last_error": false,
            "last_viewed": 0,
            "method": "GET",
            "notification_alert_count": 0,
            "notification_body": null,
            "notification_format": "System default",
            "notification_muted": false,
            "notification_title": null,
            "notification_screenshot": false,
            "notification_urls": [],
            "paused": false,
            "previous_md5": "dd25d6c8b666e21ac6e596faa4d4a93d",
            "previous_md5_before_filters": "4aa5c4b40c77cb42af9da8474957118b",
            "proxy": null,
            "remote_server_reply": "nginx",
            "sort_text_alphabetically": false,
            "subtractive_selectors": [],
            "tag": "",
            "tags": [
                "81d1365d-4ceb-4609-88d6-22afcd84d5bd"
            ],
            "text_should_not_be_present": [],
            "time_between_check": {
                "weeks": null,
                "days": null,
                "hours": null,
                "minutes": null,
                "seconds": null
            },
            "title": null,
            "trigger_text": [],
            "url": "https://news.ycombinator.com/",
            "uuid": "b86f1003-3ecb-4125-b090-27e15ca605b9",
            "webdriver_delay": null,
            "webdriver_js_execute_code": null,
            "last_notification_error": false,
            "content_type": "text/html; charset=utf-8",
            "last_check_status": 200
        },
        "bbdd78f6-db98-45eb-9e7b-681a0c60ea34": {
            "body": null,
            "browser_steps": [],
            "browser_steps_last_error_step": null,
            "check_unique_lines": false,
            "check_count": 1,
            "date_created": 1725049266,
            "consecutive_filter_failures": 0,
            "extract_text": [],
            "extract_title_as_title": false,
            "fetch_backend": "html_requests",
            "fetch_time": 1.557,
            "processor": "text_json_diff",
            "filter_failure_notification_send": true,
            "filter_text_added": true,
            "filter_text_replaced": true,
            "filter_text_removed": true,
            "has_ldjson_price_data": null,
            "track_ldjson_price_data": null,
            "headers": {},
            "ignore_text": [],
            "in_stock": null,
            "in_stock_only": true,
            "include_filters": [],
            "last_checked": 1725049269,
            "last_error": false,
            "last_viewed": 0,
            "method": "GET",
            "notification_alert_count": 0,
            "notification_body": null,
            "notification_format": "System default",
            "notification_muted": false,
            "notification_title": null,
            "notification_screenshot": false,
            "notification_urls": [],
            "paused": false,
            "previous_md5": "ba1fe8fcfb743ba16a136d805c38328f",
            "previous_md5_before_filters": "2d22d4782649327c60760a519cb9c1e1",
            "proxy": null,
            "remote_server_reply": "nginx",
            "sort_text_alphabetically": false,
            "subtractive_selectors": [],
            "tag": "",
            "tags": [
                "3b1f652a-68f8-4540-9c97-4a95ec6a131b"
            ],
            "text_should_not_be_present": [],
            "time_between_check": {
                "weeks": null,
                "days": null,
                "hours": null,
                "minutes": null,
                "seconds": null
            },
            "title": null,
            "trigger_text": [],
            "url": "https://changedetection.io/CHANGELOG.txt",
            "uuid": "bbdd78f6-db98-45eb-9e7b-681a0c60ea34",
            "webdriver_delay": null,
            "webdriver_js_execute_code": null,
            "last_notification_error": false,
            "content_type": "text/plain",
            "last_check_status": 200
        }
    },
    "settings": {
        "headers": {},
        "requests": {
            "extra_proxies": [],
            "extra_browsers": [],
            "jitter_seconds": 0,
            "proxy": null,
            "time_between_check": {
                "weeks": null,
                "days": null,
                "hours": 3,
                "minutes": null,
                "seconds": null
            },
            "timeout": 45,
            "workers": 10
        },
        "application": {
            "api_access_token_enabled": true,
            "base_url": null,
            "empty_pages_are_a_change": false,
            "extract_title_as_title": false,
            "fetch_backend": "html_requests",
            "filter_failure_notification_threshold_attempts": 6,
            "global_ignore_text": [],
            "global_subtractive_selectors": [],
            "ignore_whitespace": true,
            "notification_body": "{{watch_url}} had a change.\n---\n{{diff}}\n---\n",
            "notification_format": "Text",
            "notification_title": "ChangeDetection.io Notification - {{watch_url}}",
            "notification_urls": [],
            "pager_size": 50,
            "password": false,
            "render_anchor_tag_content": false,
            "schema_version": 14,
            "shared_diff_access": false,
            "webdriver_delay": null,
            "tags": {
                "81d1365d-4ceb-4609-88d6-22afcd84d5bd": {
                    "body": null,
                    "browser_steps": [],
                    "browser_steps_last_error_step": null,
                    "check_unique_lines": false,
                    "check_count": 0,
                    "date_created": 1725049266,
                    "consecutive_filter_failures": 0,
                    "extract_text": [],
                    "extract_title_as_title": false,
                    "fetch_backend": "system",
                    "fetch_time": 0.0,
                    "processor": "text_json_diff",
                    "filter_failure_notification_send": true,
                    "filter_text_added": true,
                    "filter_text_replaced": true,
                    "filter_text_removed": true,
                    "has_ldjson_price_data": null,
                    "track_ldjson_price_data": null,
                    "headers": {},
                    "ignore_text": [],
                    "in_stock": null,
                    "in_stock_only": true,
                    "include_filters": [],
                    "last_checked": 0,
                    "last_error": false,
                    "last_viewed": 0,
                    "method": "GET",
                    "notification_alert_count": 0,
                    "notification_body": null,
                    "notification_format": "System default",
                    "notification_muted": false,
                    "notification_title": null,
                    "notification_screenshot": false,
                    "notification_urls": [],
                    "paused": false,
                    "previous_md5": false,
                    "previous_md5_before_filters": false,
                    "proxy": null,
                    "remote_server_reply": null,
                    "sort_text_alphabetically": false,
                    "subtractive_selectors": [],
                    "tag": "",
                    "tags": [],
                    "text_should_not_be_present": [],
                    "time_between_check": {
                        "weeks": null,
                        "days": null,
                        "hours": null,
                        "minutes": null,
                        "seconds": null
                    },
                    "title": "Tech news",
                    "trigger_text": [],
                    "url": "",
                    "uuid": "81d1365d-4ceb-4609-88d6-22afcd84d5bd",
                    "webdriver_delay": null,
                    "webdriver_js_execute_code": null
                },
                "3b1f652a-68f8-4540-9c97-4a95ec6a131b": {
                    "body": null,
                    "browser_steps": [],
                    "browser_steps_last_error_step": null,
                    "check_unique_lines": false,
                    "check_count": 0,
                    "date_created": 1725049266,
                    "consecutive_filter_failures": 0,
                    "extract_text": [],
                    "extract_title_as_title": false,
                    "fetch_backend": "system",
                    "fetch_time": 0.0,
                    "processor": "text_json_diff",
                    "filter_failure_notification_send": true,
                    "filter_text_added": true,
                    "filter_text_replaced": true,
                    "filter_text_removed": true,
                    "has_ldjson_price_data": null,
                    "track_ldjson_price_data": null,
                    "headers": {},
                    "ignore_text": [],
                    "in_stock": null,
                    "in_stock_only": true,
                    "include_filters": [],
                    "last_checked": 0,
                    "last_error": false,
                    "last_viewed": 0,
                    "method": "GET",
                    "notification_alert_count": 0,
                    "notification_body": null,
                    "notification_format": "System default",
                    "notification_muted": false,
                    "notification_title": null,
                    "notification_screenshot": false,
                    "notification_urls": [],
                    "paused": false,
                    "previous_md5": false,
                    "previous_md5_before_filters": false,
                    "proxy": null,
                    "remote_server_reply": null,
                    "sort_text_alphabetically": false,
                    "subtractive_selectors": [],
                    "tag": "",
                    "tags": [],
                    "text_should_not_be_present": [],
                    "time_between_check": {
                        "weeks": null,
                        "days": null,
                        "hours": null,
                        "minutes": null,
                        "seconds": null
                    },
                    "title": "changedetection.io",
                    "trigger_text": [],
                    "url": "",
                    "uuid": "3b1f652a-68f8-4540-9c97-4a95ec6a131b",
                    "webdriver_delay": null,
                    "webdriver_js_execute_code": null
                }
            },
            "active_base_url": "(\"Base URL\" not set - see settings - notifications)",
            "rss_access_token": "f0541d8ed21aa27190a11494f539ec88",
            "api_access_token": "d46ab6022f54e8b85ee8cc106c5204d7"
        }
    },
    "build_sha": "e110b3ee93c6421a5aa6b946f05c4f7d42788f53\n",
    "version_tag": "0.45.20",
    "app_guid": "583f9b3d-8069-439f-9704-a511499cbaac"
}